file,page,count
[민사] 스마트폰 성능조절기능이 탑재된 소프트웨어 업데이트로 인한 일부 성능제한 또는 앱 실행지연 등 불이익한 결과 초래 가능성에 대한 고지의무 불완전이행 여부가 문제된 사안.pdf,29,284
한-호주 퇴직연금 포럼_책자(최종).pdf,7,212
한-호주 퇴직연금 포럼_책자(최종).pdf,1,207
[형사] 피고인이 자신이 근무하는 시청 사무실에서 소속 팀장과 방문자 사이의 대화를 피고인의 휴대전화로 녹음하여 통신비밀보호법 위반으로 기소된 사건.pdf,3,187
외교부-2024년 앙골라개황(저).pdf,23,173
240320(보도자료) 금융권의 상생금융 추진현황.pdf,1,165
쿠팡 상장과 이베이 인수  이후 국내 이커머스 시장은 어떻게 변할까.pdf,1,163
133178946057443204_WP22-05.pdf,55,156
한-호주 퇴직연금 포럼_책자(최종).pdf,2,155
쿠팡 상장과 이베이 인수  이후 국내 이커머스 시장은 어떻게 변할까.pdf,6,152
쿠팡 상장과 이베이 인수  이후 국내 이커머스 시장은 어떻게 변할까.pdf,25,152
2024 달라지는 세금제도.pdf,28,147
kjg-74-4.pdf,5,147
"[행정] 타인자금(예금, 보험료 등 고객의 예탁자금)이 아닌 자기자금(자본금, 대출금 등 자신의 고유재산)을 운용하는 경우에도 공정거래법 제11조에 의한 의결권 제한이 적용되는지가 문제된 사건.pdf",16,147
240320(보도자료) 금융권의 상생금융 추진현황.pdf,3,141
이커머스의 진화와 소비자 후생.pdf,2,140
"[행정] 타인자금(예금, 보험료 등 고객의 예탁자금)이 아닌 자기자금(자본금, 대출금 등 자신의 고유재산)을 운용하는 경우에도 공정거래법 제11조에 의한 의결권 제한이 적용되는지가 문제된 사건.pdf",7,130
2015_21v53xmj21xyn_e21e2ee23r3grrh3.pdf,9,129
PRP008.pdf,2,119
kjg-74-4.pdf,3,115
240409(보도자료) 금융위 핀테크 투자 생태계 활성화 나선다.pdf,2,114
Colorectal-Screening-Korean-patient-guideline.pdf,23,114
쿠팡 상장과 이베이 인수  이후 국내 이커머스 시장은 어떻게 변할까.pdf,10,113
외교부-2024년 앙골라개황(저).pdf,44,113
2024년 행정안전부 업무계획.pdf,11,110
130292099630937500_KIFVIP2013-10.pdf,7,108
2015_21v53xmj21xyn_e21e2ee23r3grrh3.pdf,10,107
4e304ca4ed0e0b678457e0cf26e372f42395.pdf,3,107
위식도역류성질환(Gastroesophageal Reflux Disease) (2).pdf,9,105
쿠팡 상장과 이베이 인수  이후 국내 이커머스 시장은 어떻게 변할까.pdf,8,105
